Entity;Year;corporate investment_inflation adjusted
Total;2013;16947453158,00
Public Offering;2013;1802920549,00
Private Investment;2013;6013612411,00
Minority Stake;2013;2244926877,00
Merger/Acquisition;2013;6885993321,00
Minority Stake;2014;389166203,00
Public Offering;2014;2804285872,00
Merger/Acquisition;2014;7657417339,00
Total;2014;21793307346,00
Private Investment;2014;10942437932,00
Total;2015;29072854447,00
Private Investment;2015;15262391147,00
Public Offering;2015;2343663060,00
Merger/Acquisition;2015;10117764918,00
Minority Stake;2015;1349035322,00
Merger/Acquisition;2016;14733540196,00
Total;2016;38183013750,00
Private Investment;2016;19339888396,00
Minority Stake;2016;1817701128,00
Public Offering;2016;2291884031,00
Private Investment;2017;28432416028,00
Total;2017;59385279512,00
Minority Stake;2017;1426042639,00
Merger/Acquisition;2017;27282738242,00
Public Offering;2017;2244082603,00
Total;2018;85918058097,00
Private Investment;2018;46509272846,00
Minority Stake;2018;2168993931,00
Merger/Acquisition;2018;23621530919,00
Public Offering;2018;13618260402,00
Private Investment;2019;58389557878,00
Minority Stake;2019;2183381543,00
Merger/Acquisition;2019;33821216045,00
Total;2019;101294000000,00
Public Offering;2019;6899909635,00
Total;2020;153634000000,00
Private Investment;2020;64504350846,00
Minority Stake;2020;48223833793,00
Merger/Acquisition;2020;27284262020,00
Public Offering;2020;13621191438,00
Public Offering;2021;29100000000,00
Private Investment;2021;125360000000,00
Minority Stake;2021;2020000000,00
Total;2021;276140000000,00
Merger/Acquisition;2021;119660000000,00
Merger/Acquisition;2022;77173925249,00
Public Offering;2022;5740591920,00
Private Investment;2022;85053350610,00
Minority Stake;2022;7573877727,00
Total;2022;175542000000,00
Merger/Acquisition;2023;106140000000,00
Minority Stake;2023;38070000000,00
Private Investment;2023;157105000000,00
Public Offering;2023;69035000000,00
Merger/Acquisition;2024;106140000000,00
Minority Stake;2024;58070000000,00
Private Investment;2024;107105000000,00
Public Offering;2024;49037000000,00
Private Investment;2025;117104000000,00
Merger/Acquisition;2025;166120000000,00
Minority Stake;2025;178040000000,00
Public Offering;2025;71050000000,00
