location,gain,loss
Australia,0.8,0.3
Austria,0.5,0.8
Belgium,1.0,0.6
Canada,0.2,0.4
Chile,2.8,0.8
Colombia,0.9,0.5
Costa Rica,6.0,1.1
Czechia,1.3,1.1
Denmark,4.8,2.1
Estonia,1.1,2.5
Finland,0.1,1.7
France,1.4,0.7
Germany,1.6,0.7
Greece,2.6,0.5
Hungary,2.5,1.0
Iceland,0.0,0.0
Ireland,0.1,0.2
Israel,8.2,6.0
Italy,1.9,1.1
Japan,0.7,1.2
Korea,1.6,7.0
Latvia,1.7,1.9
Lithuania,4.5,0.8
Luxembourg,1.3,0.6
Mexico,0.5,0.9
Netherlands,1.9,0.7
New Zealand,0.4,0.3
Norway,0.4,1.3
Poland,2.6,0.8
Portugal,5.7,2.9
Slovak Republic,1.0,1.2
Slovenia,0.5,2.5
Spain,2.2,1.0
Sweden,0.2,2.3
Switzerland,0.5,0.8
Türkiye,4.4,1.6
United Kingdom,1.3,0.3
United States,0.3,1.0